<?xml version="1.0" encoding="utf-8" ?>
<!DOCTYPE article PUBLIC "-//NLM//DTD JATS (Z39.96) Journal Archiving
and Interchange DTD v1.2 20190208//EN" "JATS-archivearticle1.dtd">

<article xmlns:mml="http://www.w3.org/1998/Math/MathML" xmlns:xlink="http://www.w3.org/1999/xlink" dtd-version="1.2" article-type="other">

<front>


<article-meta>


<title-group>
<article-title>Study_test</article-title>
</title-group>

<contrib-group>
<contrib contrib-type="author" corresp="yes">
<name>
<surname>Jones</surname>
<given-names>Norah</given-names>
</name>
<string-name>Norah Jones</string-name>

<role vocab="https://credit.niso.org" vocab-term="writing – original
draft" vocab-term-identifier="https://credit.niso.org/contributor-roles/writing-original-draft/">writing</role>
<xref ref-type="aff" rid="aff-1">a</xref>
<xref ref-type="corresp" rid="cor-1">&#x002A;</xref>
</contrib>
</contrib-group>
<aff id="aff-1">
<institution-wrap>
<institution>The University</institution>
</institution-wrap>







</aff>
<author-notes>
<corresp id="cor-1"></corresp>
</author-notes>









<history></history>






</article-meta>

</front>

<body>
<sec id="section">
  <title>Section</title>
  <p>This is a simple placeholder for the manuscript’s main document
  (<xref alt="Knuth 1984" rid="ref-knuth84" ref-type="bibr">Knuth
  1984</xref>).</p>
</sec>
</body>

<back>
<ref-list>
  <title></title>
  <ref id="ref-knuth84">
    <element-citation publication-type="article-journal">
      <person-group person-group-type="author">
        <name><surname>Knuth</surname><given-names>Donald E.</given-names></name>
      </person-group>
      <article-title>Literate programming</article-title>
      <source>Comput. J.</source>
      <publisher-name>Oxford University Press, Inc.</publisher-name>
      <publisher-loc>USA</publisher-loc>
      <year iso-8601-date="1984-05">1984</year><month>05</month>
      <volume>27</volume>
      <issue>2</issue>
      <issn>0010-4620</issn>
      <uri>https://doi.org/10.1093/comjnl/27.2.97</uri>
      <pub-id pub-id-type="doi">10.1093/comjnl/27.2.97</pub-id>
      <fpage>97</fpage>
      <lpage>111</lpage>
    </element-citation>
  </ref>
</ref-list>
</back>

<sub-article article-type="notebook" id="nb-4-nb-1">
<front-stub>
<title-group>
<article-title>Figure 1</article-title>
</title-group>
<contrib-group>
<contrib contrib-type="author">
<name>
<surname>Curtin</surname>
<given-names>John</given-names>
</name>
<string-name>John Curtin</string-name>

</contrib>
</contrib-group>
</front-stub>

<body>
<sec id="nb-code-cell-1-nb-1" specific-use="notebook-code">
<code language="r script">library(tidyverse, quietly = TRUE)
</code>
<code language="r script">theme_set(theme_classic())
</code>
<sec id="nb-code-cell-1-output-0-nb-1" specific-use="notebook-output">
<preformat>── Attaching core tidyverse packages ──────────────────────── tidyverse 2.0.0 ──
✔ dplyr     1.1.2     ✔ readr     2.1.4
✔ forcats   1.0.0     ✔ stringr   1.5.0
✔ ggplot2   3.4.2     ✔ tibble    3.2.1
✔ lubridate 1.9.2     ✔ tidyr     1.3.0
✔ purrr     1.0.1     
── Conflicts ────────────────────────────────────────── tidyverse_conflicts() ──
✖ dplyr::filter() masks stats::filter()
✖ dplyr::lag()    masks stats::lag()
ℹ Use the conflicted package (&lt;http://conflicted.r-lib.org/&gt;) to force all conflicts to become errors</preformat>
</sec>
</sec>
<sec id="nb-code-cell-2-nb-1" specific-use="notebook-code">
<code language="r script"># Create data
data &lt;- tibble(
  name = c(&quot;A&quot;,&quot;B&quot;,&quot;C&quot;,&quot;D&quot;,&quot;E&quot;) ,  
  value = c(3,12,5,18,45)
  )
</code>
</sec>
<sec id="cell-fig-1-nb-1" specific-use="notebook-code">
<code language="r script">
ggplot(data, aes(x=name, y=value)) + 
  geom_bar(stat = &quot;identity&quot;)
</code>
<fig id="fig-1-nb-1">
  <caption><p>A Basic Barplot Figure</p></caption>
  <graphic mimetype="image" mime-subtype="png" xlink:href="fig1_files/figure-jats/fig-1-1.png" />
</fig>
</sec>
</body>



<back>
</back>


</sub-article>

</article>